Time, Distance, CarPositionX, CarPositionY, CarPositionZ, Speed
0, 67.34563, -17.05, -0.003920317, 88.44, 0.705657
0.02, 67.34561, -17.05, -0.01105732, 88.44, 1.28466
